{
  "1 - Carregando a página" : {
    "transaction" : "1 - Carregando a página",
    "sampleCount" : 3279,
    "errorCount" : 0,
    "errorPct" : 0.0,
    "meanResTime" : 9368.293077157663,
    "medianResTime" : 2498.0,
    "minResTime" : 504.0,
    "maxResTime" : 24747.0,
    "pct1ResTime" : 21786.0,
    "pct2ResTime" : 22007.0,
    "pct3ResTime" : 23028.999999999985,
    "throughput" : 12.843361129933767,
    "receivedKBytesPerSec" : 59.66402626910935,
    "sentKBytesPerSec" : 7.525406912070566
  },
  "Total" : {
    "transaction" : "Total",
    "sampleCount" : 12803,
    "errorCount" : 0,
    "errorPct" : 0.0,
    "meanResTime" : 5835.316956963228,
    "medianResTime" : 717.0,
    "minResTime" : 288.0,
    "maxResTime" : 50764.0,
    "pct1ResTime" : 21685.6,
    "pct2ResTime" : 21850.6,
    "pct3ResTime" : 43548.67999999999,
    "throughput" : 49.66522619537136,
    "receivedKBytesPerSec" : 304.24119654965745,
    "sentKBytesPerSec" : 36.7411098740816
  },
  "4 - cadastrando os dados" : {
    "transaction" : "4 - cadastrando os dados",
    "sampleCount" : 2982,
    "errorCount" : 0,
    "errorPct" : 0.0,
    "meanResTime" : 703.7494969818914,
    "medianResTime" : 397.0,
    "minResTime" : 288.0,
    "maxResTime" : 5402.0,
    "pct1ResTime" : 1708.1000000000008,
    "pct2ResTime" : 2384.199999999999,
    "pct3ResTime" : 3345.51,
    "throughput" : 12.758802161551593,
    "receivedKBytesPerSec" : 72.0175745065698,
    "sentKBytesPerSec" : 11.375767942867778
  },
  "2 - Selecionando o destino" : {
    "transaction" : "2 - Selecionando o destino",
    "sampleCount" : 3123,
    "errorCount" : 0,
    "errorPct" : 0.0,
    "meanResTime" : 722.8165225744467,
    "medianResTime" : 398.0,
    "minResTime" : 290.0,
    "maxResTime" : 5528.0,
    "pct1ResTime" : 1794.0,
    "pct2ResTime" : 2493.199999999999,
    "pct3ResTime" : 3400.159999999996,
    "throughput" : 13.573716625303703,
    "receivedKBytesPerSec" : 97.93020719693841,
    "sentKBytesPerSec" : 9.491867294699166
  },
  "3 - selecionando o voo" : {
    "transaction" : "3 - selecionando o voo",
    "sampleCount" : 3119,
    "errorCount" : 0,
    "errorPct" : 0.0,
    "meanResTime" : 9636.761462007056,
    "medianResTime" : 2898.0,
    "minResTime" : 512.0,
    "maxResTime" : 28660.0,
    "pct1ResTime" : 21777.0,
    "pct2ResTime" : 21949.0,
    "pct3ResTime" : 22648.600000000006,
    "throughput" : 12.144078058504943,
    "receivedKBytesPerSec" : 79.6837288542068,
    "sentKBytesPerSec" : 9.048761287733663
  },
  "cn1 - Marcando Voo" : {
    "transaction" : "cn1 - Marcando Voo",
    "sampleCount" : 3279,
    "errorCount" : 0,
    "errorPct" : 0.0,
    "meanResTime" : 19863.355596218455,
    "medianResTime" : 12049.0,
    "minResTime" : 1642.0,
    "maxResTime" : 50764.0,
    "pct1ResTime" : 44352.0,
    "pct2ResTime" : 44791.0,
    "pct3ResTime" : 45823.2,
    "throughput" : 12.719852901243666,
    "receivedKBytesPerSec" : 291.17780833714784,
    "sentKBytesPerSec" : 35.25376002284841
  }
}