{
  "1 - Carregando a página" : {
    "transaction" : "1 - Carregando a página",
    "sampleCount" : 250,
    "errorCount" : 0,
    "errorPct" : 0.0,
    "meanResTime" : 919.2760000000001,
    "medianResTime" : 670.5,
    "minResTime" : 505.0,
    "maxResTime" : 2904.0,
    "pct1ResTime" : 1881.500000000001,
    "pct2ResTime" : 2189.2999999999997,
    "pct3ResTime" : 2745.0300000000025,
    "throughput" : 54.78851632697786,
    "receivedKBytesPerSec" : 254.5213367028271,
    "sentKBytesPerSec" : 32.102646285338594
  },
  "Total" : {
    "transaction" : "Total",
    "sampleCount" : 1000,
    "errorCount" : 0,
    "errorPct" : 0.0,
    "meanResTime" : 643.6679999999989,
    "medianResTime" : 541.5,
    "minResTime" : 287.0,
    "maxResTime" : 2904.0,
    "pct1ResTime" : 1219.0,
    "pct2ResTime" : 1726.85,
    "pct3ResTime" : 2309.88,
    "throughput" : 68.42753524018065,
    "receivedKBytesPerSec" : 411.70014626385654,
    "sentKBytesPerSec" : 49.985245312713836
  },
  "4 - cadastrando os dados" : {
    "transaction" : "4 - cadastrando os dados",
    "sampleCount" : 250,
    "errorCount" : 0,
    "errorPct" : 0.0,
    "meanResTime" : 379.75199999999984,
    "medianResTime" : 338.5,
    "minResTime" : 287.0,
    "maxResTime" : 899.0,
    "pct1ResTime" : 500.30000000000007,
    "pct2ResTime" : 775.6999999999999,
    "pct3ResTime" : 871.3700000000001,
    "throughput" : 48.58142246404975,
    "receivedKBytesPerSec" : 274.2193572677808,
    "sentKBytesPerSec" : 43.31527217741935
  },
  "2 - Selecionando o destino" : {
    "transaction" : "2 - Selecionando o destino",
    "sampleCount" : 250,
    "errorCount" : 0,
    "errorPct" : 0.0,
    "meanResTime" : 647.296,
    "medianResTime" : 374.0,
    "minResTime" : 290.0,
    "maxResTime" : 2364.0,
    "pct1ResTime" : 1631.1000000000001,
    "pct2ResTime" : 1917.85,
    "pct3ResTime" : 2331.5600000000004,
    "throughput" : 48.29051574270813,
    "receivedKBytesPerSec" : 348.40475299401203,
    "sentKBytesPerSec" : 33.76865221170562
  },
  "3 - selecionando o voo" : {
    "transaction" : "3 - selecionando o voo",
    "sampleCount" : 250,
    "errorCount" : 0,
    "errorPct" : 0.0,
    "meanResTime" : 628.3479999999997,
    "medianResTime" : 561.5,
    "minResTime" : 509.0,
    "maxResTime" : 1985.0,
    "pct1ResTime" : 679.9,
    "pct2ResTime" : 1031.3499999999992,
    "pct3ResTime" : 1931.8400000000001,
    "throughput" : 46.27915586819696,
    "receivedKBytesPerSec" : 303.66176589689,
    "sentKBytesPerSec" : 34.48339446038504
  },
  "cn1 - Marcando Voo" : {
    "transaction" : "cn1 - Marcando Voo",
    "sampleCount" : 250,
    "errorCount" : 0,
    "errorPct" : 0.0,
    "meanResTime" : 2574.672000000001,
    "medianResTime" : 2471.5,
    "minResTime" : 1699.0,
    "maxResTime" : 5021.0,
    "pct1ResTime" : 3531.7000000000003,
    "pct2ResTime" : 3771.7499999999995,
    "pct3ResTime" : 4142.780000000001,
    "throughput" : 37.9247572815534,
    "receivedKBytesPerSec" : 912.7102453731796,
    "sentKBytesPerSec" : 110.81377047936894
  }
}